Antonio Andrews,TEN
Ameer Abdullah,DET
Jay Ajayi,MIA
Javorius Allen,BAL
C.J. Anderson,DEN
Cameron Artis-Payne,CAR
Matt Asiata,MIN
Kenjon Barner,PHI
Joique Bell,DET
Le'Veon Bell,PIT
Giovani Bernard,CIN
LeGarrette Blount,NWE
Alfred Blue,HOU
Tommy Bohanon,NYJ
Brandon Bolden,NWE
Ahmad Bradshaw,IND
Bryce Brown,SEA
Donald Brown,SDG
Malcolm Brown,STL
Rex Burkhead,CIN
Michael Burton,DET
Reggie Bush,SFO
Travaris Cadet,3TM
Ka'Deem Carey,CHI
Jamaal Charles,KAN
David Cobb,TEN
Derrick Coleman,SEA
Tevin Coleman,ATL
John Crockett,GNB
Jamison Crowder,WAS
Isaiah Crowell,CLE
Benny Cunningham,STL
Orleans Darkwa,NYG
Knile Davis,KAN
Mike Davis,SFO
Patrick DiMarco,ATL
Anthony Dixon,BUF
Shaun Draughn,2TM
Lance Dunbar,DAL
Andre Ellington,ARI
Jerome Felton,BUF
Justin Forsett,BAL
Matt Forte,CHI
Arian Foster,HOU
Jalston Fowler,TEN
Devonta Freeman,ATL
Kendall Gaskins,SFO
Toby Gerhart,JAX
Mike Gillislee,BUF
Melvin Gordon,SDG
Frank Gore,IND
Corey Grant,JAX
Jonas Gray,2TM
Jonathan Grimes,HOU
Todd Gurley,STL
Alonzo Harris,GNB
DuJuan Harris,2TM
Dwayne Harris,NYG
Jarryd Hayne,SFO
Roy Helu,OAK
Dan Herron,2TM
Tim Hightower,NOR
Jeremy Hill,CIN
Ronnie Hillman,DEN
Akeem Hunt,HOU
Kendall Hunter,NOR
Carlos Hyde,SFO
Mark Ingram,NOR
Joey Iosefa,NWE
Chris Ivory,NYJ
Fred Jackson,SEA
Steven Jackson,NWE
Rashad Jennings,NYG
Austin Johnson,NOR
Chris Johnson,ARI
David Johnson,ARI
Duke Johnson,CLE
Will Johnson,PIT
Marvin Jones,CIN
Matt Jones,WAS
Taiwan Jones,OAK
Kyle Juszczyk,BAL
John Kuhn,GNB
Eddie Lacy,GNB
Jorvorskie Lane,TAM
Jeremy Langford,CHI
Dion Lewis,NWE
Zach Line,MIN
Tyler Lockett,SEA
Marshawn Lynch,SEA
Terrance Magee,BAL
Doug Martin,TAM
Tre Mason,STL
Ryan Mathews,PHI
Dexter McCluster,TEN
LeSean McCoy,BUF
Darren McFadden,DAL
Jerick McKinnon,MIN
Christine Michael,2TM
Bruce Miller,SFO
Lamar Miller,MIA
Alfred Morris,WAS
Marcus Murphy,NOR
DeMarco Murray,PHI
Latavius Murray,OAK
Jamize Olawale,OAK
Branden Oliver,SDG
Isaiah Pead,STL
Adrian Peterson,MIN
Bernard Pierce,JAX
Chris Polk,HOU
Bilal Powell,NYJ
Jay Prosch,HOU
Bobby Rainey,TAM
Joseph Randle,DAL
Thomas Rawls,SEA
Marcel Reece,OAK
Theo Riddick,DET
Stevan Ridley,NYJ
Denard Robinson,JAX
Josh Robinson,IND
Khiry Robinson,NOR
Jacquizz Rodgers,CHI
Bishop Sankey,TEN
Anthony Sherman,KAN
Charles Sims,TAM
Antone Smith,CHI
Rod Smith,2TM
C.J. Spiller,NOR
Darren Sproles,PHI
Zac Stacy,NYJ
James Starks,GNB
Jonathan Stewart,CAR
Lorenzo Taliaferro,BAL
Stepfan Taylor,ARI
Marcus Thigpen,2TM
Pierre Thomas,2TM
Chris Thompson,WAS
Juwan Thompson,DEN
Zurlon Tipton,IND
Jordan Todman,PIT
Mike Tolbert,CAR
Fitzgerald Toussaint,PIT
Will Tukuafu,SEA
Robert Turbin,2TM
Tyler Varga,IND
Shane Vereen,NYG
Terron Ward,ATL
Spencer Ware,KAN
Charcandrick West,KAN
Terrance West,2TM
James White,NWE
Fozzy Whittaker,CAR
Andre Williams,NYG
Damien Williams,MIA
DeAngelo Williams,PIT
Karlos Williams,BUF
Kerwynn Williams,ARI
Trey Williams,IND
George Winn,DET
Glenn Winston,CLE
Cierre Wood,BUF
Danny Woodhead,SDG
T.J. Yeldon,JAX
Darrel Young,WAS
Zach Zenner,DET
